START TRANSACTION;

-- 영양소 데이터 삽입
INSERT INTO nutrient (nutrient_pk, nutrient_name, unit) VALUES (1, '중량', 'g');
INSERT INTO nutrient (nutrient_pk, nutrient_name, unit) VALUES (2, '에너지', 'kcal');
INSERT INTO nutrient (nutrient_pk, nutrient_name, unit) VALUES (3, '탄수화물', 'g');
INSERT INTO nutrient (nutrient_pk, nutrient_name, unit) VALUES (4, '단백질', 'g');
INSERT INTO nutrient (nutrient_pk, nutrient_name, unit) VALUES (5, '지방', 'g');
INSERT INTO nutrient (nutrient_pk, nutrient_name, unit) VALUES (6, '식이섬유', 'g');
INSERT INTO nutrient (nutrient_pk, nutrient_name, unit) VALUES (7, '칼슘', 'mg');
INSERT INTO nutrient (nutrient_pk, nutrient_name, unit) VALUES (8, '인', 'mg');
INSERT INTO nutrient (nutrient_pk, nutrient_name, unit) VALUES (9, '나트륨', 'mg');
INSERT INTO nutrient (nutrient_pk, nutrient_name, unit) VALUES (10, '칼륨', 'mg');
INSERT INTO nutrient (nutrient_pk, nutrient_name, unit) VALUES (11, '마그네슘', 'mg');
INSERT INTO nutrient (nutrient_pk, nutrient_name, unit) VALUES (12, '철', 'mg');
INSERT INTO nutrient (nutrient_pk, nutrient_name, unit) VALUES (13, '아연', 'mg');
INSERT INTO nutrient (nutrient_pk, nutrient_name, unit) VALUES (14, '콜레스테롤', 'mg');

-- 학교 데이터 삽입
INSERT INTO school (school_pk, school_name, city) VALUES (1, '부흥고등학교', '부산광역시');
INSERT INTO school (school_pk, school_name, city) VALUES (2, '해운대고등학교', '부산광역시');
INSERT INTO school (school_pk, school_name, city) VALUES (3, '강일초등학교', '서울특별시');
INSERT INTO school (school_pk, school_name, city) VALUES (4, '대진고등학교', '경기도');
INSERT INTO school (school_pk, school_name, city) VALUES (5, '송정중학교', '광주광역시');

-- 메뉴 데이터 삽입
INSERT INTO menu (menu_pk, school_pk, menu_date, menu_name, favorite) VALUES (1, 1, '2023-06-01', '김치볶음밥', 0.0);
INSERT INTO menu (menu_pk, school_pk, menu_date, menu_name, favorite) VALUES (2, 1, '2023-06-01', '미역국', 0.0);
INSERT INTO menu (menu_pk, school_pk, menu_date, menu_name, favorite) VALUES (3, 1, '2023-06-01', '떡갈비', 0.0);
INSERT INTO menu (menu_pk, school_pk, menu_date, menu_name, favorite) VALUES (4, 1, '2023-06-01', '배추김치', 0.0);
INSERT INTO menu (menu_pk, school_pk, menu_date, menu_name, favorite) VALUES (5, 1, '2023-06-01', '요구르트', 0.0);
INSERT INTO menu (menu_pk, school_pk, menu_date, menu_name, favorite) VALUES (6, 1, '2023-06-02', '잡곡밥', 0.0);
INSERT INTO menu (menu_pk, school_pk, menu_date, menu_name, favorite) VALUES (7, 1, '2023-06-02', '된장찌개', 0.0);
INSERT INTO menu (menu_pk, school_pk, menu_date, menu_name, favorite) VALUES (8, 1, '2023-06-02', '제육볶음', 0.0);
INSERT INTO menu (menu_pk, school_pk, menu_date, menu_name, favorite) VALUES (9, 1, '2023-06-02', '깍두기', 0.0);
INSERT INTO menu (menu_pk, school_pk, menu_date, menu_name, favorite) VALUES (10, 2, '2023-06-01', '현미밥', 0.0);
INSERT INTO menu (menu_pk, school_pk, menu_date, menu_name, favorite) VALUES (11, 2, '2023-06-01', '육개장', 0.0);
INSERT INTO menu (menu_pk, school_pk, menu_date, menu_name, favorite) VALUES (12, 2, '2023-06-01', '멸치볶음', 0.0);
INSERT INTO menu (menu_pk, school_pk, menu_date, menu_name, favorite) VALUES (13, 2, '2023-06-01', '시금치나물', 0.0);
INSERT INTO menu (menu_pk, school_pk, menu_date, menu_name, favorite) VALUES (14, 2, '2023-06-01', '총각김치', 0.0);
INSERT INTO menu (menu_pk, school_pk, menu_date, menu_name, favorite) VALUES (15, 3, '2023-06-01', '쌀밥', 0.0);
INSERT INTO menu (menu_pk, school_pk, menu_date, menu_name, favorite) VALUES (16, 3, '2023-06-01', '콩나물국', 0.0);
INSERT INTO menu (menu_pk, school_pk, menu_date, menu_name, favorite) VALUES (17, 3, '2023-06-01', '소불고기', 0.0);
INSERT INTO menu (menu_pk, school_pk, menu_date, menu_name, favorite) VALUES (18, 3, '2023-06-01', '감자채볶음', 0.0);
INSERT INTO menu (menu_pk, school_pk, menu_date, menu_name, favorite) VALUES (19, 3, '2023-06-01', '배추김치', 0.0);
INSERT INTO menu (menu_pk, school_pk, menu_date, menu_name, favorite) VALUES (20, 4, '2023-06-01', '흑미밥', 0.0);
INSERT INTO menu (menu_pk, school_pk, menu_date, menu_name, favorite) VALUES (21, 4, '2023-06-01', '달걀국', 0.0);
INSERT INTO menu (menu_pk, school_pk, menu_date, menu_name, favorite) VALUES (22, 4, '2023-06-01', '닭볶음탕', 0.0);
INSERT INTO menu (menu_pk, school_pk, menu_date, menu_name, favorite) VALUES (23, 4, '2023-06-01', '무생채', 0.0);
INSERT INTO menu (menu_pk, school_pk, menu_date, menu_name, favorite) VALUES (24, 4, '2023-06-01', '열무김치', 0.0);

-- 메뉴 영양소 데이터 삽입
INSERT INTO menu_nutrient (menu_pk, nutrient_pk, amount) VALUES (1, 1, 210.0);
INSERT INTO menu_nutrient (menu_pk, nutrient_pk, amount) VALUES (1, 2, 302.36);
INSERT INTO menu_nutrient (menu_pk, nutrient_pk, amount) VALUES (1, 3, 65.52);
INSERT INTO menu_nutrient (menu_pk, nutrient_pk, amount) VALUES (1, 5, 6.71);
INSERT INTO menu_nutrient (menu_pk, nutrient_pk, amount) VALUES (1, 9, 1182.88);
INSERT INTO menu_nutrient (menu_pk, nutrient_pk, amount) VALUES (1, 14, 0.0);
INSERT INTO menu_nutrient (menu_pk, nutrient_pk, amount) VALUES (2, 1, 150.0);
INSERT INTO menu_nutrient (menu_pk, nutrient_pk, amount) VALUES (2, 2, 37.97);
INSERT INTO menu_nutrient (menu_pk, nutrient_pk, amount) VALUES (2, 3, 1.70);
INSERT INTO menu_nutrient (menu_pk, nutrient_pk, amount) VALUES (2, 4, 1.75);
INSERT INTO menu_nutrient (menu_pk, nutrient_pk, amount) VALUES (2, 5, 4.14);
INSERT INTO menu_nutrient (menu_pk, nutrient_pk, amount) VALUES (2, 7, 98.58);
INSERT INTO menu_nutrient (menu_pk, nutrient_pk, amount) VALUES (2, 8, 88.75);
INSERT INTO menu_nutrient (menu_pk, nutrient_pk, amount) VALUES (2, 9, 511.98);
INSERT INTO menu_nutrient (menu_pk, nutrient_pk, amount) VALUES (2, 10, 156.73);
INSERT INTO menu_nutrient (menu_pk, nutrient_pk, amount) VALUES (2, 12, 1.38);
INSERT INTO menu_nutrient (menu_pk, nutrient_pk, amount) VALUES (2, 13, 0.54);
INSERT INTO menu_nutrient (menu_pk, nutrient_pk, amount) VALUES (2, 14, 15.68);
INSERT INTO menu_nutrient (menu_pk, nutrient_pk, amount) VALUES (3, 1, 80.0);
INSERT INTO menu_nutrient (menu_pk, nutrient_pk, amount) VALUES (3, 2, 196.21);
INSERT INTO menu_nutrient (menu_pk, nutrient_pk, amount) VALUES (3, 3, 12.76);
INSERT INTO menu_nutrient (menu_pk, nutrient_pk, amount) VALUES (3, 4, 14.35);
INSERT INTO menu_nutrient (menu_pk, nutrient_pk, amount) VALUES (3, 5, 10.22);
INSERT INTO menu_nutrient (menu_pk, nutrient_pk, amount) VALUES (3, 7, 14.76);
INSERT INTO menu_nutrient (menu_pk, nutrient_pk, amount) VALUES (3, 8, 135.78);
INSERT INTO menu_nutrient (menu_pk, nutrient_pk, amount) VALUES (3, 9, 433.88);
INSERT INTO menu_nutrient (menu_pk, nutrient_pk, amount) VALUES (3, 10, 246.50);
INSERT INTO menu_nutrient (menu_pk, nutrient_pk, amount) VALUES (3, 12, 1.49);
INSERT INTO menu_nutrient (menu_pk, nutrient_pk, amount) VALUES (3, 13, 2.78);
INSERT INTO menu_nutrient (menu_pk, nutrient_pk, amount) VALUES (3, 14, 39.73);
INSERT INTO menu_nutrient (menu_pk, nutrient_pk, amount) VALUES (4, 1, 40.0);
INSERT INTO menu_nutrient (menu_pk, nutrient_pk, amount) VALUES (4, 2, 8.89);
INSERT INTO menu_nutrient (menu_pk, nutrient_pk, amount) VALUES (4, 3, 1.53);
INSERT INTO menu_nutrient (menu_pk, nutrient_pk, amount) VALUES (4, 4, 0.64);
INSERT INTO menu_nutrient (menu_pk, nutrient_pk, amount) VALUES (4, 5, 0.12);
INSERT INTO menu_nutrient (menu_pk, nutrient_pk, amount) VALUES (4, 6, 0.77);
INSERT INTO menu_nutrient (menu_pk, nutrient_pk, amount) VALUES (4, 7, 32.13);
INSERT INTO menu_nutrient (menu_pk, nutrient_pk, amount) VALUES (4, 8, 15.70);
INSERT INTO menu_nutrient (menu_pk, nutrient_pk, amount) VALUES (4, 9, 145.72);
INSERT INTO menu_nutrient (menu_pk, nutrient_pk, amount) VALUES (4, 10, 124.28);
INSERT INTO menu_nutrient (menu_pk, nutrient_pk, amount) VALUES (4, 12, 0.36);
INSERT INTO menu_nutrient (menu_pk, nutrient_pk, amount) VALUES (5, 1, 65.0);
INSERT INTO menu_nutrient (menu_pk, nutrient_pk, amount) VALUES (5, 2, 68.87);
INSERT INTO menu_nutrient (menu_pk, nutrient_pk, amount) VALUES (5, 3, 10.89);
INSERT INTO menu_nutrient (menu_pk, nutrient_pk, amount) VALUES (5, 4, 3.32);
INSERT INTO menu_nutrient (menu_pk, nutrient_pk, amount) VALUES (5, 5, 1.85);
INSERT INTO menu_nutrient (menu_pk, nutrient_pk, amount) VALUES (5, 7, 134.65);
INSERT INTO menu_nutrient (menu_pk, nutrient_pk, amount) VALUES (5, 8, 107.11);
INSERT INTO menu_nutrient (menu_pk, nutrient_pk, amount) VALUES (5, 9, 63.8);
INSERT INTO menu_nutrient (menu_pk, nutrient_pk, amount) VALUES (5, 10, 187.8);
INSERT INTO menu_nutrient (menu_pk, nutrient_pk, amount) VALUES (6, 1, 210.0);
INSERT INTO menu_nutrient (menu_pk, nutrient_pk, amount) VALUES (6, 2, 335.6);
INSERT INTO menu_nutrient (menu_pk, nutrient_pk, amount) VALUES (6, 3, 73.71);
INSERT INTO menu_nutrient (menu_pk, nutrient_pk, amount) VALUES (6, 5, 0.45);
INSERT INTO menu_nutrient (menu_pk, nutrient_pk, amount) VALUES (6, 6, 5.76);
INSERT INTO menu_nutrient (menu_pk, nutrient_pk, amount) VALUES (6, 7, 3.6);
INSERT INTO menu_nutrient (menu_pk, nutrient_pk, amount) VALUES (6, 8, 126.0);
INSERT INTO menu_nutrient (menu_pk, nutrient_pk, amount) VALUES (6, 9, 59.4);
INSERT INTO menu_nutrient (menu_pk, nutrient_pk, amount) VALUES (6, 10, 146.7);
INSERT INTO menu_nutrient (menu_pk, nutrient_pk, amount) VALUES (6, 12, 0.36);
INSERT INTO menu_nutrient (menu_pk, nutrient_pk, amount) VALUES (6, 13, 1.35);
INSERT INTO menu_nutrient (menu_pk, nutrient_pk, amount) VALUES (7, 1, 120.0);
INSERT INTO menu_nutrient (menu_pk, nutrient_pk, amount) VALUES (7, 2, 56.86);
INSERT INTO menu_nutrient (menu_pk, nutrient_pk, amount) VALUES (7, 3, 5.82);
INSERT INTO menu_nutrient (menu_pk, nutrient_pk, amount) VALUES (7, 4, 5.00);
INSERT INTO menu_nutrient (menu_pk, nutrient_pk, amount) VALUES (7, 5, 1.95);
INSERT INTO menu_nutrient (menu_pk, nutrient_pk, amount) VALUES (7, 7, 86.00);
INSERT INTO menu_nutrient (menu_pk, nutrient_pk, amount) VALUES (7, 8, 108.08);
INSERT INTO menu_nutrient (menu_pk, nutrient_pk, amount) VALUES (7, 9, 938.28);
INSERT INTO menu_nutrient (menu_pk, nutrient_pk, amount) VALUES (7, 10, 210.00);
INSERT INTO menu_nutrient (menu_pk, nutrient_pk, amount) VALUES (8, 1, 150.0);
INSERT INTO menu_nutrient (menu_pk, nutrient_pk, amount) VALUES (8, 2, 348.87);
INSERT INTO menu_nutrient (menu_pk, nutrient_pk, amount) VALUES (8, 3, 12.94);
INSERT INTO menu_nutrient (menu_pk, nutrient_pk, amount) VALUES (8, 4, 31.00);
INSERT INTO menu_nutrient (menu_pk, nutrient_pk, amount) VALUES (8, 5, 18.96);
INSERT INTO menu_nutrient (menu_pk, nutrient_pk, amount) VALUES (8, 6, 1.56);
INSERT INTO menu_nutrient (menu_pk, nutrient_pk, amount) VALUES (8, 7, 18.86);
INSERT INTO menu_nutrient (menu_pk, nutrient_pk, amount) VALUES (8, 8, 231.82);
INSERT INTO menu_nutrient (menu_pk, nutrient_pk, amount) VALUES (8, 9, 626.64);
INSERT INTO menu_nutrient (menu_pk, nutrient_pk, amount) VALUES (8, 10, 398.22);
INSERT INTO menu_nutrient (menu_pk, nutrient_pk, amount) VALUES (9, 1, 40.0);
INSERT INTO menu_nutrient (menu_pk, nutrient_pk, amount) VALUES (9, 2, 10.78);
INSERT INTO menu_nutrient (menu_pk, nutrient_pk, amount) VALUES (9, 3, 1.95);
INSERT INTO menu_nutrient (menu_pk, nutrient_pk, amount) VALUES (9, 4, 0.75);
INSERT INTO menu_nutrient (menu_pk, nutrient_pk, amount) VALUES (9, 5, 0.14);
INSERT INTO menu_nutrient (menu_pk, nutrient_pk, amount) VALUES (9, 7, 22.84);
INSERT INTO menu_nutrient (menu_pk, nutrient_pk, amount) VALUES (9, 8, 13.56);
INSERT INTO menu_nutrient (menu_pk, nutrient_pk, amount) VALUES (9, 9, 175.2);
INSERT INTO menu_nutrient (menu_pk, nutrient_pk, amount) VALUES (9, 10, 113.48);

COMMIT; 